,model,metric,score,features
0,Linear,MSE,4360459.378902266,baseline
1,Linear,RMSE,2088.1713001816365,baseline
2,Linear,R2,-3.6326496873768033,baseline
0,"ARIMAX(2,0,0)",MSE,3812788.638519808,baseline
1,"ARIMAX(2,0,0)",RMSE,1952.6363303287708,baseline
2,"ARIMAX(2,0,0)",R2,-3.050792028870891,baseline
0,GARCH ,MSE,2736108.2708274205,baseline
1,GARCH ,RMSE,1654.1185782244936,baseline
2,GARCH ,R2,-1.9069026962633329,baseline
