feature,model,MSE,RMSE,R2
all,Linear,2206168.889869221,1485.317774036661,-1.0060663656475848
all,"ARIMAX(2,0,0)",1951929.4252995572,1397.1146786500947,-0.7748867669162804
all,GARCH,1225103.272686425,1106.8438339198647,-0.11398473664756659
