feature,model,MSE,RMSE,R2
export and finance,Linear,618049.5408855054,786.1612690062424,0.43800839456681817
export and finance,"ARIMAX(2,0,0)",688009.5948216214,829.463437905265,0.3743938128434521
export and finance,GARCH,812248.1242661043,901.248092517318,0.26142388729488353
