feature,model,MSE,RMSE,R2
production index,Linear,5245926.205775313,2290.398700177616,-3.77011355132423
production index,"ARIMAX(2,0,0)",4381234.847000391,2093.1399492151477,-2.9838508769342815
production index,GARCH,3229006.163091243,1796.9435614652016,-1.9361309045700876
