feature,model,MSE,RMSE,R2
water and fertilizer,Linear,3367581.32204355,1835.0970879066726,-2.062137107796428
water and fertilizer,"ARIMAX(2,0,0)",1784460.8374709392,1335.8371298444056,-0.6226078081800779
water and fertilizer,GARCH,1224188.45359297,1106.4305010225314,-0.11315289289233132
